<?xml version="1.0" encoding="utf-8"?>
<theme id="import" name="Imported Assets" cc_theme_id="import">
<!--Sorry that there's no indenting, I couldn't get the import script to keep that.-->
<!--Also, be sure to leave a blank line before <theme>, otherwise the import script breaks.-->
<char id="327068788" name="the benson apparition" cc_theme_id="family" thumbnail_url="char-default.png" copyable="Y">
<tags>family,every,copy,of,wrapper,offline,is,_free,software,but,is,also,_cat:personalized</tags>
</char>
<prop id="xbox.png" name="xbox" holdable="0" wearable="0" placeable="1" facing="left" thumb="" aid="9004" enable="Y" is_premium="N" money="0" sharing="0" />
<prop id="xboxconsole.png" name="xboxconsole" holdable="0" wearable="0" placeable="1" facing="left" thumb="" aid="9004" enable="Y" is_premium="N" money="0" sharing="0" />
<prop id="xboxcontroller.png" name="xboxcontroller" holdable="0" wearable="0" placeable="1" facing="left" thumb="" aid="9004" enable="Y" is_premium="N" money="0" sharing="0" />
<prop id="peedy_parrot.swf" name="peedy_parrot" holdable="0" wearable="0" placeable="1" facing="left" thumb="" aid="9004" enable="Y" is_premium="N" money="0" sharing="0" />
<prop id="Available_at_amazon_appstore.png" name="Available_at_amazon_appstore" holdable="0" wearable="0" placeable="1" facing="left" thumb="" aid="9004" enable="Y" is_premium="N" money="0" sharing="0" />
<prop id="1 V9-OPWpauGEi-JMp05RC_A.png" name="1 V9-OPWpauGEi-JMp05RC_A" holdable="0" wearable="0" placeable="1" facing="left" thumb="" aid="9004" enable="Y" is_premium="N" money="0" sharing="0" />
<prop id="en_badge_web_generic.png" name="en_badge_web_generic" holdable="0" wearable="0" placeable="1" facing="left" thumb="" aid="9004" enable="Y" is_premium="N" money="0" sharing="0" />
<prop id="1_V9-OPWpauGEi-JMp05RC_A.png" name="1_V9-OPWpauGEi-JMp05RC_A" holdable="1" wearable="0" placeable="1" facing="left" thumb="" aid="9004" enable="Y" is_premium="N" money="0" sharing="0" />
<prop id="apple_download.png" name="apple_download" holdable="0" wearable="0" placeable="1" facing="left" thumb="" aid="9004" enable="Y" is_premium="N" money="0" sharing="0" />
<prop id="DSC_1492.jpg" name="DSC_1492" holdable="0" wearable="0" placeable="1" facing="left" thumb="" aid="9004" enable="Y" is_premium="N" money="0" sharing="0" />
<sound id="weakness.mp3" name="weakness" subtype="bgmusic" duration="197459" downloadtype="progressive" aid="24304" enable="Y" is_premium="N" money="0" sharing="0" />
<prop id="msp_handshape_ncc_hand01.swf" name="msp_handshape_ncc_hand01" holdable="0" wearable="0" placeable="1" facing="left" thumb="" aid="9004" enable="Y" is_premium="N" money="0" sharing="0" />
<prop id="msp_handshape_ncc_hand02.swf" name="msp_handshape_ncc_hand02" holdable="0" wearable="0" placeable="1" facing="left" thumb="" aid="9004" enable="Y" is_premium="N" money="0" sharing="0" />
<prop id="msp_handshape_ncc_hand03.swf" name="msp_handshape_ncc_hand03" holdable="0" wearable="0" placeable="1" facing="left" thumb="" aid="9004" enable="Y" is_premium="N" money="0" sharing="0" />
<prop id="msp_handshape_ncc_hand04.swf" name="msp_handshape_ncc_hand04" holdable="0" wearable="0" placeable="1" facing="left" thumb="" aid="9004" enable="Y" is_premium="N" money="0" sharing="0" />
<prop id="msp_handshape_ncc_hand05.swf" name="msp_handshape_ncc_hand05" holdable="0" wearable="0" placeable="1" facing="left" thumb="" aid="9004" enable="Y" is_premium="N" money="0" sharing="0" />
<prop id="msp_handshape_ncc_hand06.swf" name="msp_handshape_ncc_hand06" holdable="0" wearable="0" placeable="1" facing="left" thumb="" aid="9004" enable="Y" is_premium="N" money="0" sharing="0" />
<prop id="msp_handshape_ncc_hand07.swf" name="msp_handshape_ncc_hand07" holdable="0" wearable="0" placeable="1" facing="left" thumb="" aid="9004" enable="Y" is_premium="N" money="0" sharing="0" />
<prop id="msp_handshape_ncc_hand08.swf" name="msp_handshape_ncc_hand08" holdable="0" wearable="0" placeable="1" facing="left" thumb="" aid="9004" enable="Y" is_premium="N" money="0" sharing="0" />
<prop id="msp_handshape_ncc_hand09.swf" name="msp_handshape_ncc_hand09" holdable="0" wearable="0" placeable="1" facing="left" thumb="" aid="9004" enable="Y" is_premium="N" money="0" sharing="0" />
<prop id="msp_handshape_ncc_hand10.swf" name="msp_handshape_ncc_hand10" holdable="0" wearable="0" placeable="1" facing="left" thumb="" aid="9004" enable="Y" is_premium="N" money="0" sharing="0" />
<prop id="msp_handshape_ncc_hand11.swf" name="msp_handshape_ncc_hand11" holdable="0" wearable="0" placeable="1" facing="left" thumb="" aid="9004" enable="Y" is_premium="N" money="0" sharing="0" />
<prop id="msp_handshape_ncc_hand12.swf" name="msp_handshape_ncc_hand12" holdable="0" wearable="0" placeable="1" facing="left" thumb="" aid="9004" enable="Y" is_premium="N" money="0" sharing="0" />
<prop id="msp_handshape_ncc_hand13.swf" name="msp_handshape_ncc_hand13" holdable="0" wearable="0" placeable="1" facing="left" thumb="" aid="9004" enable="Y" is_premium="N" money="0" sharing="0" />
<prop id="msp_handshape_ncc_hand14.swf" name="msp_handshape_ncc_hand14" holdable="0" wearable="0" placeable="1" facing="left" thumb="" aid="9004" enable="Y" is_premium="N" money="0" sharing="0" />
<prop id="artworks-000209567761-7zm5zk-t500x500.jpg" name="artworks-000209567761-7zm5zk-t500x500" holdable="0" wearable="0" placeable="1" facing="left" thumb="" aid="9004" enable="Y" is_premium="N" money="0" sharing="0" />
<sound id="Luke_Burr_Dancing_On_The_Moon.mp3" name="Luke_Burr_Dancing_On_The_Moon" subtype="bgmusic" duration="172776" downloadtype="progressive" aid="24304" enable="Y" is_premium="N" money="0" sharing="0" />
<prop id="f6cf3239549853c811088c713f05a2e9.png" name="f6cf3239549853c811088c713f05a2e9" holdable="0" wearable="0" placeable="1" facing="left" thumb="" aid="9004" enable="Y" is_premium="N" money="0" sharing="0" />
<sound id="lightning.mp3" name="lightning" subtype="soundeffect" duration="5120" downloadtype="progressive" aid="24304" enable="Y" is_premium="N" money="0" sharing="0" />
<prop id="images.png" name="images" holdable="0" wearable="0" placeable="1" facing="left" thumb="" aid="9004" enable="Y" is_premium="N" money="0" sharing="0" />
<sound id="sound_076.mp3" name="sound_076" subtype="soundeffect" duration="2124" downloadtype="progressive" aid="24304" enable="Y" is_premium="N" money="0" sharing="0" />
<sound id="sound_070.mp3" name="sound_070" subtype="soundeffect" duration="2088" downloadtype="progressive" aid="24304" enable="Y" is_premium="N" money="0" sharing="0" />
<sound id="sound_071.mp3" name="sound_071" subtype="soundeffect" duration="2520" downloadtype="progressive" aid="24304" enable="Y" is_premium="N" money="0" sharing="0" />
<sound id="sound_072.mp3" name="sound_072" subtype="soundeffect" duration="1980" downloadtype="progressive" aid="24304" enable="Y" is_premium="N" money="0" sharing="0" />
<sound id="sound_073.mp3" name="sound_073" subtype="soundeffect" duration="2124" downloadtype="progressive" aid="24304" enable="Y" is_premium="N" money="0" sharing="0" />
<sound id="sound_074.mp3" name="sound_074" subtype="soundeffect" duration="1872" downloadtype="progressive" aid="24304" enable="Y" is_premium="N" money="0" sharing="0" />
<sound id="sound_075.mp3" name="sound_075" subtype="soundeffect" duration="1908" downloadtype="progressive" aid="24304" enable="Y" is_premium="N" money="0" sharing="0" />
<sound id="sound_077.mp3" name="sound_077" subtype="soundeffect" duration="1800" downloadtype="progressive" aid="24304" enable="Y" is_premium="N" money="0" sharing="0" />
<sound id="sound_078.mp3" name="sound_078" subtype="soundeffect" duration="1260" downloadtype="progressive" aid="24304" enable="Y" is_premium="N" money="0" sharing="0" />
<sound id="sound_079.mp3" name="sound_079" subtype="soundeffect" duration="2520" downloadtype="progressive" aid="24304" enable="Y" is_premium="N" money="0" sharing="0" />
<sound id="sound_080.mp3" name="sound_080" subtype="soundeffect" duration="2124" downloadtype="progressive" aid="24304" enable="Y" is_premium="N" money="0" sharing="0" />
<sound id="sound_081.mp3" name="sound_081" subtype="soundeffect" duration="2160" downloadtype="progressive" aid="24304" enable="Y" is_premium="N" money="0" sharing="0" />
<sound id="sound_080.mp3" name="sound_080" subtype="soundeffect" duration="" downloadtype="progressive" aid="24304" enable="Y" is_premium="N" money="0" sharing="0" />
<sound id="sound_082.mp3" name="sound_082" subtype="soundeffect" duration="972" downloadtype="progressive" aid="24304" enable="Y" is_premium="N" money="0" sharing="0" />
<sound id="sound_083.mp3" name="sound_083" subtype="soundeffect" duration="1584" downloadtype="progressive" aid="24304" enable="Y" is_premium="N" money="0" sharing="0" />
<sound id="sound_083.mp3" name="sound_083" subtype="soundeffect" duration="1584" downloadtype="progressive" aid="24304" enable="Y" is_premium="N" money="0" sharing="0" />
<sound id="sound_084.mp3" name="sound_084" subtype="soundeffect" duration="1440" downloadtype="progressive" aid="24304" enable="Y" is_premium="N" money="0" sharing="0" />
<sound id="sound_085.mp3" name="sound_085" subtype="soundeffect" duration="1116" downloadtype="progressive" aid="24304" enable="Y" is_premium="N" money="0" sharing="0" />
<sound id="JJD_Adventure.mp3" name="JJD_Adventure" subtype="soundeffect" duration="297666" downloadtype="progressive" aid="24304" enable="Y" is_premium="N" money="0" sharing="0" />
<sound id="JJD_Adventure.mp3" name="JJD_Adventure" subtype="bgmusic" duration="297666" downloadtype="progressive" aid="24304" enable="Y" is_premium="N" money="0" sharing="0" />
<sound id="Top_Floor.mp3" name="Top_Floor" subtype="bgmusic" duration="216058" downloadtype="progressive" aid="24304" enable="Y" is_premium="N" money="0" sharing="0" />
<sound id="Verm_Explode.mp3" name="Verm_Explode" subtype="bgmusic" duration="273086" downloadtype="progressive" aid="24304" enable="Y" is_premium="N" money="0" sharing="0" />
<sound id="KAEL_Thenewgeneration.mp3" name="KAEL_Thenewgeneration" subtype="bgmusic" duration="196075" downloadtype="progressive" aid="24304" enable="Y" is_premium="N" money="0" sharing="0" />
<sound id="JNATHYN_Dioma.mp3" name="JNATHYN_Dioma" subtype="bgmusic" duration="232019" downloadtype="progressive" aid="24304" enable="Y" is_premium="N" money="0" sharing="0" />
<sound id="Give_Up_On_You.mp3" name="Give_Up_On_You" subtype="bgmusic" duration="155611" downloadtype="progressive" aid="24304" enable="Y" is_premium="N" money="0" sharing="0" />
<sound id="hayve_Space_Jam.mp3" name="hayve_Space_Jam" subtype="bgmusic" duration="259317" downloadtype="progressive" aid="24304" enable="Y" is_premium="N" money="0" sharing="0" />
<sound id="Tommorrow.mp3" name="Tommorrow" subtype="bgmusic" duration="179670" downloadtype="progressive" aid="24304" enable="Y" is_premium="N" money="0" sharing="0" />
<sound id="Rubik.mp3" name="Rubik" subtype="bgmusic" duration="214388" downloadtype="progressive" aid="24304" enable="Y" is_premium="N" money="0" sharing="0" />
<sound id="Run_For_Your_Life.mp3" name="Run_For_Your_Life" subtype="bgmusic" duration="170553" downloadtype="progressive" aid="24304" enable="Y" is_premium="N" money="0" sharing="0" />
<sound id="Letter.mp3" name="Letter" subtype="bgmusic" duration="171598" downloadtype="progressive" aid="24304" enable="Y" is_premium="N" money="0" sharing="0" />
<sound id="Colors.mp3" name="Colors" subtype="bgmusic" duration="279459" downloadtype="progressive" aid="24304" enable="Y" is_premium="N" money="0" sharing="0" />
<sound id="Arrow.mp3" name="Arrow" subtype="bgmusic" duration="224053" downloadtype="progressive" aid="24304" enable="Y" is_premium="N" money="0" sharing="0" />
<sound id="Uncharted.mp3" name="Uncharted" subtype="bgmusic" duration="152816" downloadtype="progressive" aid="24304" enable="Y" is_premium="N" money="0" sharing="0" />
<sound id="Shootin_Stars.mp3" name="Shootin_Stars" subtype="bgmusic" duration="" downloadtype="progressive" aid="24304" enable="Y" is_premium="N" money="0" sharing="0" />
<sound id="Thunder.mp3" name="Thunder" subtype="bgmusic" duration="225097" downloadtype="progressive" aid="24304" enable="Y" is_premium="N" money="0" sharing="0" />
<sound id="Elekheaven.mp3" name="Elekheaven" subtype="bgmusic" duration="230191" downloadtype="progressive" aid="24304" enable="Y" is_premium="N" money="0" sharing="0" />
<sound id="Free.mp3" name="Free" subtype="bgmusic" duration="240509" downloadtype="progressive" aid="24304" enable="Y" is_premium="N" money="0" sharing="0" />
<sound id="Sky_High.mp3" name="Sky_High" subtype="bgmusic" duration="236303" downloadtype="progressive" aid="24304" enable="Y" is_premium="N" money="0" sharing="0" />
<sound id="Sky_High_vip.mp3" name="Sky_High_vip" subtype="bgmusic" duration="247614" downloadtype="progressive" aid="24304" enable="Y" is_premium="N" money="0" sharing="0" />
<sound id="Abandoned_Dont_Surrender.mp3" name="Abandoned_Dont_Surrender" subtype="bgmusic" duration="192209" downloadtype="progressive" aid="24304" enable="Y" is_premium="N" money="0" sharing="0" />
<sound id="betterdats.mp3" name="betterdats" subtype="bgmusic" duration="198112" downloadtype="progressive" aid="24304" enable="Y" is_premium="N" money="0" sharing="0" />
<sound id="Departure.mp3" name="Departure" subtype="bgmusic" duration="184529" downloadtype="progressive" aid="24304" enable="Y" is_premium="N" money="0" sharing="0" />
<sound id="Feels.mp3" name="Feels" subtype="bgmusic" duration="188944" downloadtype="progressive" aid="24304" enable="Y" is_premium="N" money="0" sharing="0" />
<sound id="Live_A_Lie.mp3" name="Live_A_Lie" subtype="bgmusic" duration="" downloadtype="progressive" aid="24304" enable="Y" is_premium="N" money="0" sharing="0" />
<sound id="Love_Is_Gone.mp3" name="Love_Is_Gone" subtype="bgmusic" duration="174445" downloadtype="progressive" aid="24304" enable="Y" is_premium="N" money="0" sharing="0" />
<sound id="Out_Of_The_Grave.mp3" name="Out_Of_The_Grave" subtype="bgmusic" duration="203232" downloadtype="progressive" aid="24304" enable="Y" is_premium="N" money="0" sharing="0" />
<sound id="Overdosin.mp3" name="Overdosin" subtype="bgmusic" duration="183118" downloadtype="progressive" aid="24304" enable="Y" is_premium="N" money="0" sharing="0" />
<sound id="Young_Wild_Free.mp3" name="Young_Wild_Free" subtype="bgmusic" duration="151066" downloadtype="progressive" aid="24304" enable="Y" is_premium="N" money="0" sharing="0" />
<sound id="Dont_Surrender.mp3" name="Dont_Surrender" subtype="bgmusic" duration="165224" downloadtype="progressive" aid="24304" enable="Y" is_premium="N" money="0" sharing="0" />
<sound id="Mutiny.mp3" name="Mutiny" subtype="bgmusic" duration="160313" downloadtype="progressive" aid="24304" enable="Y" is_premium="N" money="0" sharing="0" />
<sound id="The_Revolution.mp3" name="The_Revolution" subtype="bgmusic" duration="178155" downloadtype="progressive" aid="24304" enable="Y" is_premium="N" money="0" sharing="0" />
<sound id="Dont_Surrender.mp3" name="Dont_Surrender" subtype="bgmusic" duration="165224" downloadtype="progressive" aid="24304" enable="Y" is_premium="N" money="0" sharing="0" />
<sound id="Arc_North_therevolution.mp3" name="Arc_North_therevolution" subtype="bgmusic" duration="190276" downloadtype="progressive" aid="24304" enable="Y" is_premium="N" money="0" sharing="0" />
<sound id="Holding_On.mp3" name="Holding_On" subtype="bgmusic" duration="269160" downloadtype="progressive" aid="24304" enable="Y" is_premium="N" money="0" sharing="0" />
<sound id="Fall_With_Me.mp3" name="Fall_With_Me" subtype="bgmusic" duration="168515" downloadtype="progressive" aid="24304" enable="Y" is_premium="N" money="0" sharing="0" />
<sound id="Let_You_Go.mp3" name="Let_You_Go" subtype="bgmusic" duration="220995" downloadtype="progressive" aid="24304" enable="Y" is_premium="N" money="0" sharing="0" />
<sound id="bLet_You_Go.mp3" name="bLet_You_Go" subtype="bgmusic" duration="141923" downloadtype="progressive" aid="24304" enable="Y" is_premium="N" money="0" sharing="0" />
<sound id="Dance_With_Me.mp3" name="Dance_With_Me" subtype="bgmusic" duration="163160" downloadtype="progressive" aid="24304" enable="Y" is_premium="N" money="0" sharing="0" />
<sound id="Dont_Bother.mp3" name="Dont_Bother" subtype="bgmusic" duration="154728" downloadtype="progressive" aid="24304" enable="Y" is_premium="N" money="0" sharing="0" />
<sound id="Faceless.mp3" name="Faceless" subtype="bgmusic" duration="174360" downloadtype="progressive" aid="24304" enable="Y" is_premium="N" money="0" sharing="0" />
<sound id="Far_From_Home.mp3" name="Far_From_Home" subtype="bgmusic" duration="487680" downloadtype="progressive" aid="24304" enable="Y" is_premium="N" money="0" sharing="0" />
<sound id="Feel_Again.mp3" name="Feel_Again" subtype="bgmusic" duration="233586" downloadtype="progressive" aid="24304" enable="Y" is_premium="N" money="0" sharing="0" />
<sound id="Hollywood_Perfect.mp3" name="Hollywood_Perfect" subtype="bgmusic" duration="162960" downloadtype="progressive" aid="24304" enable="Y" is_premium="N" money="0" sharing="0" />
<sound id="Jungle_Of_Love.mp3" name="Jungle_Of_Love" subtype="bgmusic" duration="142445" downloadtype="progressive" aid="24304" enable="Y" is_premium="N" money="0" sharing="0" />
<sound id="Last_Thing.mp3" name="Last_Thing" subtype="bgmusic" duration="155376" downloadtype="progressive" aid="24304" enable="Y" is_premium="N" money="0" sharing="0" />
<sound id="Lk_pcs_California.mp3" name="Lk_pcs_California" subtype="bgmusic" duration="281862" downloadtype="progressive" aid="24304" enable="Y" is_premium="N" money="0" sharing="0" />
<sound id="Oh_Darling.mp3" name="Oh_Darling" subtype="bgmusic" duration="166632" downloadtype="progressive" aid="24304" enable="Y" is_premium="N" money="0" sharing="0" />
<sound id="Pendelum.mp3" name="Pendelum" subtype="soundeffect" duration="100571" downloadtype="progressive" aid="24304" enable="Y" is_premium="N" money="0" sharing="0" />
<sound id="Pendelum.mp3" name="Pendelum" subtype="bgmusic" duration="100571" downloadtype="progressive" aid="24304" enable="Y" is_premium="N" money="0" sharing="0" />
<sound id="Phenomenom.mp3" name="Phenomenom" subtype="bgmusic" duration="176136" downloadtype="progressive" aid="24304" enable="Y" is_premium="N" money="0" sharing="0" />
<sound id="Photoropic.mp3" name="Photoropic" subtype="bgmusic" duration="244062" downloadtype="progressive" aid="24304" enable="Y" is_premium="N" money="0" sharing="0" />
<sound id="YnV_Lune.mp3" name="YnV_Lune" subtype="bgmusic" duration="412999" downloadtype="progressive" aid="24304" enable="Y" is_premium="N" money="0" sharing="0" />
<sound id="Outro.mp3" name="Outro" subtype="bgmusic" duration="31248" downloadtype="progressive" aid="24304" enable="Y" is_premium="N" money="0" sharing="0" />
<sound id="One_Third.mp3" name="One_Third" subtype="bgmusic" duration="244116" downloadtype="progressive" aid="24304" enable="Y" is_premium="N" money="0" sharing="0" />
<sound id="Live_A_Lie.mp3" name="Live_A_Lie" subtype="bgmusic" duration="212375" downloadtype="progressive" aid="24304" enable="Y" is_premium="N" money="0" sharing="0" />
<sound id="Hold_On_To_This_Moment.mp3" name="Hold_On_To_This_Moment" subtype="bgmusic" duration="337294" downloadtype="progressive" aid="24304" enable="Y" is_premium="N" money="0" sharing="0" />
<sound id="Touchdown.mp3" name="Touchdown" subtype="bgmusic" duration="175882" downloadtype="progressive" aid="24304" enable="Y" is_premium="N" money="0" sharing="0" />
<sound id="Paradox.mp3" name="Paradox" subtype="bgmusic" duration="222094" downloadtype="progressive" aid="24304" enable="Y" is_premium="N" money="0" sharing="0" />
<sound id="PoylowxGodmode_Victory.mp3" name="PoylowxGodmode_Victory" subtype="bgmusic" duration="190328" downloadtype="progressive" aid="24304" enable="Y" is_premium="N" money="0" sharing="0" />
<sound id="Flutter.mp3" name="Flutter" subtype="bgmusic" duration="240013" downloadtype="progressive" aid="24304" enable="Y" is_premium="N" money="0" sharing="0" />
<sound id="voe_giants.mp3" name="voe_giants" subtype="bgmusic" duration="217968" downloadtype="progressive" aid="24304" enable="Y" is_premium="N" money="0" sharing="0" />
<sound id="Never_Gonna_Give_You_Up.mp3" name="Never_Gonna_Give_You_Up" subtype="bgmusic" duration="207699" downloadtype="progressive" aid="24304" enable="Y" is_premium="N" money="0" sharing="0" />
<sound id="Imaginary_Friends.mp3" name="Imaginary_Friends" subtype="bgmusic" duration="353099" downloadtype="progressive" aid="24304" enable="Y" is_premium="N" money="0" sharing="0" />
<sound id="Forget_You.mp3" name="Forget_You" subtype="bgmusic" duration="172536" downloadtype="progressive" aid="24304" enable="Y" is_premium="N" money="0" sharing="0" />
<sound id="Accelerate.mp3" name="Accelerate" subtype="bgmusic" duration="255346" downloadtype="progressive" aid="24304" enable="Y" is_premium="N" money="0" sharing="0" />
<sound id="Black_Sunrise.mp3" name="Black_Sunrise" subtype="bgmusic" duration="231846" downloadtype="progressive" aid="24304" enable="Y" is_premium="N" money="0" sharing="0" />
<sound id="Love_Potion.mp3" name="Love_Potion" subtype="bgmusic" duration="164571" downloadtype="progressive" aid="24304" enable="Y" is_premium="N" money="0" sharing="0" />
<sound id="Walk_Away.mp3" name="Walk_Away" subtype="bgmusic" duration="199262" downloadtype="progressive" aid="24304" enable="Y" is_premium="N" money="0" sharing="0" />
<sound id="Osiris.mp3" name="Osiris" subtype="bgmusic" duration="253753" downloadtype="progressive" aid="24304" enable="Y" is_premium="N" money="0" sharing="0" />
<sound id="MiTiS_Born.mp3" name="MiTiS_Born" subtype="bgmusic" duration="265509" downloadtype="progressive" aid="24304" enable="Y" is_premium="N" money="0" sharing="0" />
<sound id="eden_cgs.mp3" name="eden_cgs" subtype="bgmusic" duration="293511" downloadtype="progressive" aid="24304" enable="Y" is_premium="N" money="0" sharing="0" />
<sound id="Let_You_Know.mp3" name="Let_You_Know" subtype="bgmusic" duration="275958" downloadtype="progressive" aid="24304" enable="Y" is_premium="N" money="0" sharing="0" />
<sound id="Skyward_Bound.mp3" name="Skyward_Bound" subtype="bgmusic" duration="299991" downloadtype="progressive" aid="24304" enable="Y" is_premium="N" money="0" sharing="0" />
<sound id="Titan.mp3" name="Titan" subtype="bgmusic" duration="199968" downloadtype="progressive" aid="24304" enable="Y" is_premium="N" money="0" sharing="0" />
<sound id="Speo_Sky.mp3" name="Speo_Sky" subtype="bgmusic" duration="221336" downloadtype="progressive" aid="24304" enable="Y" is_premium="N" money="0" sharing="0" />
<sound id="hottmedwardmarc.mp3" name="hottmedwardmarc" subtype="bgmusic" duration="297144" downloadtype="progressive" aid="24304" enable="Y" is_premium="N" money="0" sharing="0" />
<sound id="Kovan_Electro_Light_Skyline.mp3" name="Kovan_Electro_Light_Skyline" subtype="bgmusic" duration="288835" downloadtype="progressive" aid="24304" enable="Y" is_premium="N" money="0" sharing="0" />
<sound id="Vision.mp3" name="Vision" subtype="bgmusic" duration="234215" downloadtype="progressive" aid="24304" enable="Y" is_premium="N" money="0" sharing="0" />
<sound id="Eclipse.mp3" name="Eclipse" subtype="bgmusic" duration="235025" downloadtype="progressive" aid="24304" enable="Y" is_premium="N" money="0" sharing="0" />
<sound id="Forces.mp3" name="Forces" subtype="bgmusic" duration="261043" downloadtype="progressive" aid="24304" enable="Y" is_premium="N" money="0" sharing="0" />
<sound id="Jumbo.mp3" name="Jumbo" subtype="bgmusic" duration="204618" downloadtype="progressive" aid="24304" enable="Y" is_premium="N" money="0" sharing="0" />
<sound id="A_World_Way.mp3" name="A_World_Way" subtype="bgmusic" duration="202006" downloadtype="progressive" aid="24304" enable="Y" is_premium="N" money="0" sharing="0" />
<sound id="Far_Away.mp3" name="Far_Away" subtype="bgmusic" duration="190016" downloadtype="progressive" aid="24304" enable="Y" is_premium="N" money="0" sharing="0" />
<sound id="I_Remember_U.mp3" name="I_Remember_U" subtype="bgmusic" duration="216112" downloadtype="progressive" aid="24304" enable="Y" is_premium="N" money="0" sharing="0" />
<sound id="Incomplete.mp3" name="Incomplete" subtype="bgmusic" duration="257829" downloadtype="progressive" aid="24304" enable="Y" is_premium="N" money="0" sharing="0" />
<sound id="Purge.mp3" name="Purge" subtype="bgmusic" duration="194220" downloadtype="progressive" aid="24304" enable="Y" is_premium="N" money="0" sharing="0" />
<sound id="She_Got_Me_Like.mp3" name="She_Got_Me_Like" subtype="bgmusic" duration="183067" downloadtype="progressive" aid="24304" enable="Y" is_premium="N" money="0" sharing="0" />
<sound id="Somebody.mp3" name="Somebody" subtype="bgmusic" duration="245394" downloadtype="progressive" aid="24304" enable="Y" is_premium="N" money="0" sharing="0" />
<sound id="Childhood_Dreams.mp3" name="Childhood_Dreams" subtype="bgmusic" duration="171480" downloadtype="progressive" aid="24304" enable="Y" is_premium="N" money="0" sharing="0" />
<sound id="Future.mp3" name="Future" subtype="bgmusic" duration="274181" downloadtype="progressive" aid="24304" enable="Y" is_premium="N" money="0" sharing="0" />
<sound id="Perfect_1O.mp3" name="Perfect_1O" subtype="bgmusic" duration="204042" downloadtype="progressive" aid="24304" enable="Y" is_premium="N" money="0" sharing="0" />
<sound id="Perfect_1O.mp3" name="Perfect_1O" subtype="bgmusic" duration="204042" downloadtype="progressive" aid="24304" enable="Y" is_premium="N" money="0" sharing="0" />
<sound id="Falling_Up.mp3" name="Falling_Up" subtype="bgmusic" duration="198217" downloadtype="progressive" aid="24304" enable="Y" is_premium="N" money="0" sharing="0" />
<sound id="Immorality.mp3" name="Immorality" subtype="bgmusic" duration="181003" downloadtype="progressive" aid="24304" enable="Y" is_premium="N" money="0" sharing="0" />
<sound id="Let_Go.mp3" name="Let_Go" subtype="bgmusic" duration="267104" downloadtype="progressive" aid="24304" enable="Y" is_premium="N" money="0" sharing="0" />
<sound id="Out_Here.mp3" name="Out_Here" subtype="bgmusic" duration="269011" downloadtype="progressive" aid="24304" enable="Y" is_premium="N" money="0" sharing="0" />
<sound id="Paralyzed.mp3" name="Paralyzed" subtype="bgmusic" duration="228076" downloadtype="progressive" aid="24304" enable="Y" is_premium="N" money="0" sharing="0" />
<sound id="Puzzle.mp3" name="Puzzle" subtype="bgmusic" duration="170058" downloadtype="progressive" aid="24304" enable="Y" is_premium="N" money="0" sharing="0" />
<sound id="Reflections.mp3" name="Reflections" subtype="bgmusic" duration="258612" downloadtype="progressive" aid="24304" enable="Y" is_premium="N" money="0" sharing="0" />
<sound id="Superhero.mp3" name="Superhero" subtype="bgmusic" duration="179278" downloadtype="progressive" aid="24304" enable="Y" is_premium="N" money="0" sharing="0" />
<sound id="Survive.mp3" name="Survive" subtype="bgmusic" duration="272588" downloadtype="progressive" aid="24304" enable="Y" is_premium="N" money="0" sharing="0" />
<sound id="We_Were_Infinite.mp3" name="We_Were_Infinite" subtype="bgmusic" duration="198009" downloadtype="progressive" aid="24304" enable="Y" is_premium="N" money="0" sharing="0" />
<sound id="Why_We_Lose.mp3" name="Why_We_Lose" subtype="bgmusic" duration="213056" downloadtype="progressive" aid="24304" enable="Y" is_premium="N" money="0" sharing="0" />
<sound id="Woudnt_Change_It.mp3" name="Woudnt_Change_It" subtype="bgmusic" duration="167053" downloadtype="progressive" aid="24304" enable="Y" is_premium="N" money="0" sharing="0" />
<sound id="YOU.mp3" name="YOU" subtype="bgmusic" duration="198817" downloadtype="progressive" aid="24304" enable="Y" is_premium="N" money="0" sharing="0" />
<sound id="Alive.mp3" name="Alive" subtype="bgmusic" duration="186017" downloadtype="progressive" aid="24304" enable="Y" is_premium="N" money="0" sharing="0" />
<sound id="All_My_Love.mp3" name="All_My_Love" subtype="bgmusic" duration="184607" downloadtype="progressive" aid="24304" enable="Y" is_premium="N" money="0" sharing="0" />
<sound id="Apocalypse.mp3" name="Apocalypse" subtype="bgmusic" duration="189387" downloadtype="progressive" aid="24304" enable="Y" is_premium="N" money="0" sharing="0" />
<sound id="Banger_Machine.mp3" name="Banger_Machine" subtype="bgmusic" duration="145136" downloadtype="progressive" aid="24304" enable="Y" is_premium="N" money="0" sharing="0" />
<sound id="Castle.mp3" name="Castle" subtype="bgmusic" duration="208509" downloadtype="progressive" aid="24304" enable="Y" is_premium="N" money="0" sharing="0" />
<sound id="Collpase.mp3" name="Collpase" subtype="bgmusic" duration="151928" downloadtype="progressive" aid="24304" enable="Y" is_premium="N" money="0" sharing="0" />
<sound id="Devil.mp3" name="Devil" subtype="bgmusic" duration="198399" downloadtype="progressive" aid="24304" enable="Y" is_premium="N" money="0" sharing="0" />
<sound id="Erase.mp3" name="Erase" subtype="bgmusic" duration="173609" downloadtype="progressive" aid="24304" enable="Y" is_premium="N" money="0" sharing="0" />
<sound id="Jone_Everyth.mp3" name="Jone_Everyth" subtype="bgmusic" duration="176248" downloadtype="progressive" aid="24304" enable="Y" is_premium="N" money="0" sharing="0" />
<sound id="Jungle.mp3" name="Jungle" subtype="bgmusic" duration="209031" downloadtype="progressive" aid="24304" enable="Y" is_premium="N" money="0" sharing="0" />
<sound id="Need_U.mp3" name="Need_U" subtype="bgmusic" duration="277604" downloadtype="progressive" aid="24304" enable="Y" is_premium="N" money="0" sharing="0" />
<sound id="Nobody.mp3" name="Nobody" subtype="bgmusic" duration="221596" downloadtype="progressive" aid="24304" enable="Y" is_premium="N" money="0" sharing="0" />
<sound id="Red_Light.mp3" name="Red_Light" subtype="bgmusic" duration="178416" downloadtype="progressive" aid="24304" enable="Y" is_premium="N" money="0" sharing="0" />
<sound id="Shakedown.mp3" name="Shakedown" subtype="bgmusic" duration="165198" downloadtype="progressive" aid="24304" enable="Y" is_premium="N" money="0" sharing="0" />
<sound id="Stockholm_Lights.mp3" name="Stockholm_Lights" subtype="bgmusic" duration="173270" downloadtype="progressive" aid="24304" enable="Y" is_premium="N" money="0" sharing="0" />
<sound id="Take_You_On.mp3" name="Take_You_On" subtype="bgmusic" duration="179644" downloadtype="progressive" aid="24304" enable="Y" is_premium="N" money="0" sharing="0" />
<sound id="u.mp3" name="u" subtype="bgmusic" duration="229408" downloadtype="progressive" aid="24304" enable="Y" is_premium="N" money="0" sharing="0" />
<sound id="where_it_begun.mp3" name="where_it_begun" subtype="bgmusic" duration="231523" downloadtype="progressive" aid="24304" enable="Y" is_premium="N" money="0" sharing="0" />
<sound id="Your_Body.mp3" name="1" subtype="bgmusic" duration="" downloadtype="progressive" aid="24304" enable="Y" is_premium="N" money="0" sharing="0" />
<sound id="Crazy.mp3" name="Crazy" subtype="bgmusic" duration="207124" downloadtype="progressive" aid="24304" enable="Y" is_premium="N" money="0" sharing="0" />
<sound id="Home_Soon.mp3" name="Home_Soon" subtype="bgmusic" duration="236355" downloadtype="progressive" aid="24304" enable="Y" is_premium="N" money="0" sharing="0" />
<sound id="Cradles.mp3" name="Cradles" subtype="bgmusic" duration="209841" downloadtype="progressive" aid="24304" enable="Y" is_premium="N" money="0" sharing="0" />
<sound id="Hyperdrive.mp3" name="Hyperdrive" subtype="bgmusic" duration="205270" downloadtype="progressive" aid="24304" enable="Y" is_premium="N" money="0" sharing="0" />
<sound id="Humanity.mp3" name="Humanity" subtype="bgmusic" duration="198008" downloadtype="progressive" aid="24304" enable="Y" is_premium="N" money="0" sharing="0" />
<sound id="Beyond.mp3" name="Beyond" subtype="bgmusic" duration="226821" downloadtype="progressive" aid="24304" enable="Y" is_premium="N" money="0" sharing="0" />
<sound id="Lightning_Child.mp3" name="Lightning_Child" subtype="bgmusic" duration="183980" downloadtype="progressive" aid="24304" enable="Y" is_premium="N" money="0" sharing="0" />
<sound id="On_Fire.mp3" name="On_Fire" subtype="bgmusic" duration="202684" downloadtype="progressive" aid="24304" enable="Y" is_premium="N" money="0" sharing="0" />
<sound id="Blue_Eyed_Demon.mp3" name="Blue_Eyed_Demon" subtype="bgmusic" duration="200463" downloadtype="progressive" aid="24304" enable="Y" is_premium="N" money="0" sharing="0" />
<sound id="Earthquake.mp3" name="Earthquake" subtype="bgmusic" duration="178259" downloadtype="progressive" aid="24304" enable="Y" is_premium="N" money="0" sharing="0" />
<sound id="Running.mp3" name="Running" subtype="bgmusic" duration="199967" downloadtype="progressive" aid="24304" enable="Y" is_premium="N" money="0" sharing="0" />
<sound id="Blank.mp3" name="Blank" subtype="bgmusic" duration="209059" downloadtype="progressive" aid="24304" enable="Y" is_premium="N" money="0" sharing="0" />
<sound id="Blank_HYLO.mp3" name="Blank_HYLO" subtype="bgmusic" duration="192914" downloadtype="progressive" aid="24304" enable="Y" is_premium="N" money="0" sharing="0" />
<sound id="Cloud_Ten.mp3" name="Cloud_Ten" subtype="bgmusic" duration="256549" downloadtype="progressive" aid="24304" enable="Y" is_premium="N" money="0" sharing="0" />
<sound id="December.mp3" name="December" subtype="bgmusic" duration="221387" downloadtype="progressive" aid="24304" enable="Y" is_premium="N" money="0" sharing="0" />
<sound id="Escape.mp3" name="Escape" subtype="bgmusic" duration="220368" downloadtype="progressive" aid="24304" enable="Y" is_premium="N" money="0" sharing="0" />
<sound id="Escape.mp3" name="Escape" subtype="bgmusic" duration="220368" downloadtype="progressive" aid="24304" enable="Y" is_premium="N" money="0" sharing="0" />
<sound id="Kaibu.mp3" name="Kaibu" subtype="bgmusic" duration="199994" downloadtype="progressive" aid="24304" enable="Y" is_premium="N" money="0" sharing="0" />
<sound id="Nekozilla.mp3" name="Nekozilla" subtype="bgmusic" duration="166009" downloadtype="progressive" aid="24304" enable="Y" is_premium="N" money="0" sharing="0" />
<sound id="Safe1Sound.mp3" name="Safe1Sound" subtype="bgmusic" duration="204356" downloadtype="progressive" aid="24304" enable="Y" is_premium="N" money="0" sharing="0" />
<sound id="Summer_Tune.mp3" name="Summer_Tune" subtype="bgmusic" duration="194091" downloadtype="progressive" aid="24304" enable="Y" is_premium="N" money="0" sharing="0" />
<sound id="The_Apocalypse.mp3" name="The_Apocalypse" subtype="bgmusic" duration="253126" downloadtype="progressive" aid="24304" enable="Y" is_premium="N" money="0" sharing="0" />
<sound id="The_Future.mp3" name="The_Future" subtype="bgmusic" duration="215823" downloadtype="progressive" aid="24304" enable="Y" is_premium="N" money="0" sharing="0" />
<sound id="The_Long_Road_Home.mp3" name="The_Long_Road_Home" subtype="bgmusic" duration="246384" downloadtype="progressive" aid="24304" enable="Y" is_premium="N" money="0" sharing="0" />
<sound id="Thinkin'.mp3" name="Thinkin'" subtype="bgmusic" duration="167653" downloadtype="progressive" aid="24304" enable="Y" is_premium="N" money="0" sharing="0" />
<sound id="Watch_The_World_Burn.mp3" name="Watch_The_World_Burn" subtype="bgmusic" duration="235572" downloadtype="progressive" aid="24304" enable="Y" is_premium="N" money="0" sharing="0" />
<sound id="Zig_Zag.mp3" name="Zig_Zag" subtype="bgmusic" duration="207725" downloadtype="progressive" aid="24304" enable="Y" is_premium="N" money="0" sharing="0" />
<sound id="Waterfall.mp3" name="Waterfall" subtype="bgmusic" duration="230269" downloadtype="progressive" aid="24304" enable="Y" is_premium="N" money="0" sharing="0" />
<sound id="Living_With_Reget.mp3" name="Living_With_Reget" subtype="bgmusic" duration="223999" downloadtype="progressive" aid="24304" enable="Y" is_premium="N" money="0" sharing="0" />
<sound id="Shadows.mp3" name="Shadows" subtype="bgmusic" duration="282671" downloadtype="progressive" aid="24304" enable="Y" is_premium="N" money="0" sharing="0" />
<sound id="Primitive.mp3" name="Primitive" subtype="bgmusic" duration="211565" downloadtype="progressive" aid="24304" enable="Y" is_premium="N" money="0" sharing="0" />
<sound id="Ark.mp3" name="Ark" subtype="bgmusic" duration="179018" downloadtype="progressive" aid="24304" enable="Y" is_premium="N" money="0" sharing="0" />
<sound id="Bleed.mp3" name="Bleed" subtype="bgmusic" duration="251663" downloadtype="progressive" aid="24304" enable="Y" is_premium="N" money="0" sharing="0" />
<sound id="By_My_Side.mp3" name="By_My_Side" subtype="bgmusic" duration="178184" downloadtype="progressive" aid="24304" enable="Y" is_premium="N" money="0" sharing="0" />
<sound id="Circles.mp3" name="Circles" subtype="bgmusic" duration="277109" downloadtype="progressive" aid="24304" enable="Y" is_premium="N" money="0" sharing="0" />
<sound id="Cloud_9.mp3" name="Cloud_9" subtype="bgmusic" duration="275097" downloadtype="progressive" aid="24304" enable="Y" is_premium="N" money="0" sharing="0" />
<sound id="Control.mp3" name="Control" subtype="bgmusic" duration="167053" downloadtype="progressive" aid="24304" enable="Y" is_premium="N" money="0" sharing="0" />
<sound id="Dancefloor.mp3" name="Dancefloor" subtype="bgmusic" duration="175282" downloadtype="progressive" aid="24304" enable="Y" is_premium="N" money="0" sharing="0" />
<sound id="Daydream.mp3" name="Daydream" subtype="bgmusic" duration="289227" downloadtype="progressive" aid="24304" enable="Y" is_premium="N" money="0" sharing="0" />
<sound id="Drakkar.mp3" name="Drakkar" subtype="bgmusic" duration="214778" downloadtype="progressive" aid="24304" enable="Y" is_premium="N" money="0" sharing="0" />
<sound id="Electricity.mp3" name="Electricity" subtype="bgmusic" duration="190042" downloadtype="progressive" aid="24304" enable="Y" is_premium="N" money="0" sharing="0" />
<sound id="Elysium.mp3" name="Elysium" subtype="bgmusic" duration="286016" downloadtype="progressive" aid="24304" enable="Y" is_premium="N" money="0" sharing="0" />
<sound id="Enslaved.mp3" name="Enslaved" subtype="bgmusic" duration="243252" downloadtype="progressive" aid="24304" enable="Y" is_premium="N" money="0" sharing="0" />
<sound id="Eternal_Minds.mp3" name="Eternal_Minds" subtype="bgmusic" duration="328124" downloadtype="progressive" aid="24304" enable="Y" is_premium="N" money="0" sharing="0" />
<sound id="Everybody.mp3" name="Everybody" subtype="bgmusic" duration="311093" downloadtype="progressive" aid="24304" enable="Y" is_premium="N" money="0" sharing="0" />
<sound id="Everything.mp3" name="Everything" subtype="bgmusic" duration="267467" downloadtype="progressive" aid="24304" enable="Y" is_premium="N" money="0" sharing="0" />
<sound id="Feels_Right.mp3" name="Feels_Right" subtype="bgmusic" duration="200021" downloadtype="progressive" aid="24304" enable="Y" is_premium="N" money="0" sharing="0" />
<sound id="Flutter.mp3" name="Flutter" subtype="bgmusic" duration="240013" downloadtype="progressive" aid="24304" enable="Y" is_premium="N" money="0" sharing="0" />
<sound id="Fly.mp3" name="Fly" subtype="bgmusic" duration="203025" downloadtype="progressive" aid="24304" enable="Y" is_premium="N" money="0" sharing="0" />
<sound id="Free_Fall.mp3" name="Free_Fall" subtype="bgmusic" duration="217079" downloadtype="progressive" aid="24304" enable="Y" is_premium="N" money="0" sharing="0" />
<sound id="Future_Vibes.mp3" name="Future_Vibes" subtype="bgmusic" duration="232830" downloadtype="progressive" aid="24304" enable="Y" is_premium="N" money="0" sharing="0" />
<sound id="Glude_Breathe.mp3" name="Glude_Breathe" subtype="bgmusic" duration="203991" downloadtype="progressive" aid="24304" enable="Y" is_premium="N" money="0" sharing="0" />
<sound id="Halcyon.mp3" name="Halcyon" subtype="bgmusic" duration="293017" downloadtype="progressive" aid="24304" enable="Y" is_premium="N" money="0" sharing="0" />
<sound id="Heroes_Tonight.mp3" name="Heroes_Tonight" subtype="bgmusic" duration="208093" downloadtype="progressive" aid="24304" enable="Y" is_premium="N" money="0" sharing="0" />
<sound id="High.mp3" name="High" subtype="bgmusic" duration="192079" downloadtype="progressive" aid="24304" enable="Y" is_premium="N" money="0" sharing="0" />
<sound id="Hope.mp3" name="Hope" subtype="bgmusic" duration="288366" downloadtype="progressive" aid="24304" enable="Y" is_premium="N" money="0" sharing="0" />
<sound id="Infectious.mp3" name="Infectious" subtype="bgmusic" duration="317467" downloadtype="progressive" aid="24304" enable="Y" is_premium="N" money="0" sharing="0" />
<sound id="Invincible.mp3" name="Invincible" subtype="bgmusic" duration="273086" downloadtype="progressive" aid="24304" enable="Y" is_premium="N" money="0" sharing="0" />
<sound id="IZECOLD_Close_Brooks.mp3" name="IZECOLD_Close_Brooks" subtype="bgmusic" duration="230191" downloadtype="progressive" aid="24304" enable="Y" is_premium="N" money="0" sharing="0" />
<sound id="Jensation_Delicious.mp3" name="Jensation_Delicious" subtype="bgmusic" duration="" downloadtype="progressive" aid="24304" enable="Y" is_premium="N" money="0" sharing="0" />
<sound id="Jim_Lights.mp3" name="Jim_Lights" subtype="bgmusic" duration="225072" downloadtype="progressive" aid="24304" enable="Y" is_premium="N" money="0" sharing="0" />
<sound id="Lets_Go.mp3" name="Lets_Go" subtype="bgmusic" duration="207100" downloadtype="progressive" aid="24304" enable="Y" is_premium="N" money="0" sharing="0" />
<sound id="Life.mp3" name="Life" subtype="bgmusic" duration="204461" downloadtype="progressive" aid="24304" enable="Y" is_premium="N" money="0" sharing="0" />
<sound id="Limitless.mp3" name="Limitless" subtype="bgmusic" duration="244741" downloadtype="progressive" aid="24304" enable="Y" is_premium="N" money="0" sharing="0" />
<sound id="Link.mp3" name="Link" subtype="bgmusic" duration="224444" downloadtype="progressive" aid="24304" enable="Y" is_premium="N" money="0" sharing="0" />
<sound id="Love_U.mp3" name="Love_U" subtype="bgmusic" duration="262976" downloadtype="progressive" aid="24304" enable="Y" is_premium="N" money="0" sharing="0" />
<sound id="Mas_Y_Mas.mp3" name="Mas_Y_Mas" subtype="bgmusic" duration="" downloadtype="progressive" aid="24304" enable="Y" is_premium="N" money="0" sharing="0" />
<sound id="Masked_Raver.mp3" name="Masked_Raver" subtype="bgmusic" duration="283193" downloadtype="progressive" aid="24304" enable="Y" is_premium="N" money="0" sharing="0" />
<sound id="MATAFAKA.mp3" name="MATAFAKA" subtype="bgmusic" duration="257751" downloadtype="progressive" aid="24304" enable="Y" is_premium="N" money="0" sharing="0" />
<sound id="My_Heart.mp3" name="My_Heart" subtype="bgmusic" duration="267104" downloadtype="progressive" aid="24304" enable="Y" is_premium="N" money="0" sharing="0" />
<sound id="Outlaw.mp3" name="Outlaw" subtype="bgmusic" duration="194273" downloadtype="progressive" aid="24304" enable="Y" is_premium="N" money="0" sharing="0" />
<sound id="Ricochet.mp3" name="Ricochet" subtype="bgmusic" duration="221779" downloadtype="progressive" aid="24304" enable="Y" is_premium="N" money="0" sharing="0" />
<sound id="Ride_Or_Die.mp3" name="Ride_Or_Die" subtype="bgmusic" duration="" downloadtype="progressive" aid="24304" enable="Y" is_premium="N" money="0" sharing="0" />
<sound id="Stay_With_Me.mp3" name="Stay_With_Me" subtype="bgmusic" duration="249653" downloadtype="progressive" aid="24304" enable="Y" is_premium="N" money="0" sharing="0" />
<sound id="Summersong_2018.mp3" name="Summersong_2018" subtype="bgmusic" duration="226586" downloadtype="progressive" aid="24304" enable="Y" is_premium="N" money="0" sharing="0" />
<sound id="Taking_Control.mp3" name="Taking_Control" subtype="bgmusic" duration="175360" downloadtype="progressive" aid="24304" enable="Y" is_premium="N" money="0" sharing="0" />
<sound id="Taking_Control.mp3" name="Taking_Control" subtype="bgmusic" duration="175360" downloadtype="progressive" aid="24304" enable="Y" is_premium="N" money="0" sharing="0" />
<sound id="Tell_Me.mp3" name="Tell_Me" subtype="bgmusic" duration="182989" downloadtype="progressive" aid="24304" enable="Y" is_premium="N" money="0" sharing="0" />
<sound id="Throwback.mp3" name="Throwback" subtype="bgmusic" duration="215015" downloadtype="progressive" aid="24304" enable="Y" is_premium="N" money="0" sharing="0" />
<sound id="Time_Leap.mp3" name="Time_Leap" subtype="bgmusic" duration="220083" downloadtype="progressive" aid="24304" enable="Y" is_premium="N" money="0" sharing="0" />
<sound id="Tobu__Seven.mp3" name="Tobu__Seven" subtype="bgmusic" duration="230871" downloadtype="progressive" aid="24304" enable="Y" is_premium="N" money="0" sharing="0" />
<sound id="Valence_Infinite.mp3" name="Valence_Infinite" subtype="bgmusic" duration="202135" downloadtype="progressive" aid="24304" enable="Y" is_premium="N" money="0" sharing="0" />
<sound id="Veeziel.mp3" name="Veeziel" subtype="bgmusic" duration="204826" downloadtype="progressive" aid="24304" enable="Y" is_premium="N" money="0" sharing="0" />
<sound id="Wait_For_Me.mp3" name="Wait_For_Me" subtype="bgmusic" duration="204930" downloadtype="progressive" aid="24304" enable="Y" is_premium="N" money="0" sharing="0" />
<sound id="We_Are.mp3" name="We_Are" subtype="bgmusic" duration="276245" downloadtype="progressive" aid="24304" enable="Y" is_premium="N" money="0" sharing="0" />
<sound id="Whole.mp3" name="Whole" subtype="bgmusic" duration="187506" downloadtype="progressive" aid="24304" enable="Y" is_premium="N" money="0" sharing="0" />
<sound id="Willow_Tree.mp3" name="Willow_Tree" subtype="bgmusic" duration="188865" downloadtype="progressive" aid="24304" enable="Y" is_premium="N" money="0" sharing="0" />
<sound id="Mesmerize.mp3" name="Mesmerize" subtype="bgmusic" duration="275095" downloadtype="progressive" aid="24304" enable="Y" is_premium="N" money="0" sharing="0" />
<sound id="One.mp3" name="One" subtype="bgmusic" duration="225072" downloadtype="progressive" aid="24304" enable="Y" is_premium="N" money="0" sharing="0" />
<sound id="Colorblind.mp3" name="Colorblind" subtype="bgmusic" duration="244688" downloadtype="progressive" aid="24304" enable="Y" is_premium="N" money="0" sharing="0" />
<sound id="Night_Shines.mp3" name="Night_Shines" subtype="bgmusic" duration="229252" downloadtype="progressive" aid="24304" enable="Y" is_premium="N" money="0" sharing="0" />
<sound id="Burn_Me_Down.mp3" name="Burn_Me_Down" subtype="bgmusic" duration="214752" downloadtype="progressive" aid="24304" enable="Y" is_premium="N" money="0" sharing="0" />
<sound id="Illumanti.mp3" name="Illumanti" subtype="bgmusic" duration="208746" downloadtype="progressive" aid="24304" enable="Y" is_premium="N" money="0" sharing="0" />
<sound id="Fearless.mp3" name="Fearless" subtype="bgmusic" duration="194115" downloadtype="progressive" aid="24304" enable="Y" is_premium="N" money="0" sharing="0" />
<sound id="When_Im_Gone.mp3" name="When_Im_Gone" subtype="bgmusic" duration="294034" downloadtype="progressive" aid="24304" enable="Y" is_premium="N" money="0" sharing="0" />
<sound id="Spirit.mp3" name="Spirit" subtype="bgmusic" duration="228050" downloadtype="progressive" aid="24304" enable="Y" is_premium="N" money="0" sharing="0" />
<sound id="Our_Lives_Past.mp3" name="Our_Lives_Past" subtype="bgmusic" duration="295444" downloadtype="progressive" aid="24304" enable="Y" is_premium="N" money="0" sharing="0" />
<sound id="One_Day.mp3" name="One_Day" subtype="bgmusic" duration="303464" downloadtype="progressive" aid="24304" enable="Y" is_premium="N" money="0" sharing="0" />
<sound id="MIKO.mp3" name="MIKO" subtype="bgmusic" duration="318040" downloadtype="progressive" aid="24304" enable="Y" is_premium="N" money="0" sharing="0" />
<sound id="Holystone.mp3" name="Holystone" subtype="bgmusic" duration="405864" downloadtype="progressive" aid="24304" enable="Y" is_premium="N" money="0" sharing="0" />
<sound id="Goodbye.mp3" name="Goodbye" subtype="bgmusic" duration="240953" downloadtype="progressive" aid="24304" enable="Y" is_premium="N" money="0" sharing="0" />
<sound id="Say_The_Words.mp3" name="Say_The_Words" subtype="bgmusic" duration="175882" downloadtype="progressive" aid="24304" enable="Y" is_premium="N" money="0" sharing="0" />
<sound id="Spirits_Say.mp3" name="Spirits_Say" subtype="bgmusic" duration="166713" downloadtype="progressive" aid="24304" enable="Y" is_premium="N" money="0" sharing="0" />
<sound id="Rampage_Diet.mp3" name="Rampage_Diet" subtype="bgmusic" duration="209606" downloadtype="progressive" aid="24304" enable="Y" is_premium="N" money="0" sharing="0" />
<sound id="Paralyzed4.mp3" name="Paralyzed4" subtype="bgmusic" duration="394553" downloadtype="progressive" aid="24304" enable="Y" is_premium="N" money="0" sharing="0" />
<sound id="Paralyzed3.mp3" name="Paralyzed3" subtype="bgmusic" duration="316316" downloadtype="progressive" aid="24304" enable="Y" is_premium="N" money="0" sharing="0" />
<sound id="Paralyzed4.mp3" name="Paralyzed4" subtype="bgmusic" duration="394553" downloadtype="progressive" aid="24304" enable="Y" is_premium="N" money="0" sharing="0" />
<sound id="Paralyzed3.mp3" name="Paralyzed3" subtype="bgmusic" duration="316316" downloadtype="progressive" aid="24304" enable="Y" is_premium="N" money="0" sharing="0" />
<sound id="Paralyzed2.mp3" name="Paralyzed2" subtype="bgmusic" duration="220238" downloadtype="progressive" aid="24304" enable="Y" is_premium="N" money="0" sharing="0" />
<sound id="Paralyzed.mp3" name="Paralyzed" subtype="bgmusic" duration="228076" downloadtype="progressive" aid="24304" enable="Y" is_premium="N" money="0" sharing="0" />
<sound id="Lightning_Child.mp3" name="Lightning_Child" subtype="bgmusic" duration="183980" downloadtype="progressive" aid="24304" enable="Y" is_premium="N" money="0" sharing="0" />
<sound id="Choices.mp3" name="Choices" subtype="bgmusic" duration="188840" downloadtype="progressive" aid="24304" enable="Y" is_premium="N" money="0" sharing="0" />
<sound id="We_Going_On.mp3" name="We_Going_On" subtype="bgmusic" duration="141244" downloadtype="progressive" aid="24304" enable="Y" is_premium="N" money="0" sharing="0" />
<sound id="The_One.mp3" name="The_One" subtype="bgmusic" duration="264071" downloadtype="progressive" aid="24304" enable="Y" is_premium="N" money="0" sharing="0" />
<sound id="The_Catch.mp3" name="The_Catch" subtype="bgmusic" duration="223164" downloadtype="progressive" aid="24304" enable="Y" is_premium="N" money="0" sharing="0" />
<sound id="Stories_Can_Wait_VIP.mp3" name="Stories_Can_Wait_VIP" subtype="bgmusic" duration="249652" downloadtype="progressive" aid="24304" enable="Y" is_premium="N" money="0" sharing="0" />
<sound id="Still_Got_It.mp3" name="Still_Got_It" subtype="bgmusic" duration="139206" downloadtype="progressive" aid="24304" enable="Y" is_premium="N" money="0" sharing="0" />
<sound id="Stay_Awake.mp3" name="Stay_Awake" subtype="bgmusic" duration="266266" downloadtype="progressive" aid="24304" enable="Y" is_premium="N" money="0" sharing="0" />
<sound id="Spektrem_Shine.mp3" name="Spektrem_Shine" subtype="bgmusic" duration="315585" downloadtype="progressive" aid="24304" enable="Y" is_premium="N" money="0" sharing="0" />
<sound id="Spectrum.mp3" name="Spectrum" subtype="bgmusic" duration="242886" downloadtype="progressive" aid="24304" enable="Y" is_premium="N" money="0" sharing="0" />
<sound id="Spaceman.mp3" name="Spaceman" subtype="bgmusic" duration="191190" downloadtype="progressive" aid="24304" enable="Y" is_premium="N" money="0" sharing="0" />
<sound id="So_Good.mp3" name="So_Good" subtype="bgmusic" duration="172669" downloadtype="progressive" aid="24304" enable="Y" is_premium="N" money="0" sharing="0" />
<sound id="Shotgun.mp3" name="Shotgun" subtype="bgmusic" duration="242207" downloadtype="progressive" aid="24304" enable="Y" is_premium="N" money="0" sharing="0" />
<sound id="Resolution.mp3" name="Resolution" subtype="bgmusic" duration="248058" downloadtype="progressive" aid="24304" enable="Y" is_premium="N" money="0" sharing="0" />
<sound id="Redshift.mp3" name="Redshift" subtype="bgmusic" duration="260075" downloadtype="progressive" aid="24304" enable="Y" is_premium="N" money="0" sharing="0" />
<sound id="Redshift.mp3" name="Redshift" subtype="bgmusic" duration="" downloadtype="progressive" aid="24304" enable="Y" is_premium="N" money="0" sharing="0" />
<sound id="Makes_Me_Ill.mp3" name="Makes_Me_Ill" subtype="bgmusic" duration="366027" downloadtype="progressive" aid="24304" enable="Y" is_premium="N" money="0" sharing="0" />
<sound id="Pregame.mp3" name="Pregame" subtype="bgmusic" duration="239098" downloadtype="progressive" aid="24304" enable="Y" is_premium="N" money="0" sharing="0" />
<sound id="Pentakill.mp3" name="Pentakill" subtype="bgmusic" duration="197642" downloadtype="progressive" aid="24304" enable="Y" is_premium="N" money="0" sharing="0" />
<sound id="Over.mp3" name="Over" subtype="bgmusic" duration="262347" downloadtype="progressive" aid="24304" enable="Y" is_premium="N" money="0" sharing="0" />
<sound id="One_Step_Away.mp3" name="One_Step_Away" subtype="bgmusic" duration="320235" downloadtype="progressive" aid="24304" enable="Y" is_premium="N" money="0" sharing="0" />
<sound id="Nothing_Yet.mp3" name="Nothing_Yet" subtype="bgmusic" duration="280215" downloadtype="progressive" aid="24304" enable="Y" is_premium="N" money="0" sharing="0" />
<sound id="New_World.mp3" name="New_World" subtype="bgmusic" duration="267885" downloadtype="progressive" aid="24304" enable="Y" is_premium="N" money="0" sharing="0" />
<sound id="Moleman_Rush.mp3" name="Moleman_Rush" subtype="bgmusic" duration="281208" downloadtype="progressive" aid="24304" enable="Y" is_premium="N" money="0" sharing="0" />
<sound id="Makes_Me_Ill.mp3" name="Makes_Me_Ill" subtype="bgmusic" duration="366027" downloadtype="progressive" aid="24304" enable="Y" is_premium="N" money="0" sharing="0" />
<sound id="Love.mp3" name="Love" subtype="bgmusic" duration="360071" downloadtype="progressive" aid="24304" enable="Y" is_premium="N" money="0" sharing="0" />
<sound id="Let_You_Know.mp3" name="Let_You_Know" subtype="bgmusic" duration="275931" downloadtype="progressive" aid="24304" enable="Y" is_premium="N" money="0" sharing="0" />
<sound id="Joystick.mp3" name="Joystick" subtype="bgmusic" duration="228649" downloadtype="progressive" aid="24304" enable="Y" is_premium="N" money="0" sharing="0" />
<sound id="Innocent_Discretion.mp3" name="Innocent_Discretion" subtype="bgmusic" duration="284708" downloadtype="progressive" aid="24304" enable="Y" is_premium="N" money="0" sharing="0" />
<sound id="Im_Alive.mp3" name="Im_Alive" subtype="bgmusic" duration="226351" downloadtype="progressive" aid="24304" enable="Y" is_premium="N" money="0" sharing="0" />
<sound id="Homesick.mp3" name="Homesick" subtype="bgmusic" duration="279693" downloadtype="progressive" aid="24304" enable="Y" is_premium="N" money="0" sharing="0" />
<sound id="Hollah.mp3" name="Hollah" subtype="bgmusic" duration="160992" downloadtype="progressive" aid="24304" enable="Y" is_premium="N" money="0" sharing="0" />
<sound id="Goes_Like.mp3" name="Goes_Like" subtype="bgmusic" duration="198138" downloadtype="progressive" aid="24304" enable="Y" is_premium="N" money="0" sharing="0" />
<sound id="First_Day_Of_My_Life.mp3" name="First_Day_Of_My_Life" subtype="bgmusic" duration="223921" downloadtype="progressive" aid="24304" enable="Y" is_premium="N" money="0" sharing="0" />
<sound id="Feel_The_Buzz.mp3" name="Feel_The_Buzz" subtype="bgmusic" duration="315897" downloadtype="progressive" aid="24304" enable="Y" is_premium="N" money="0" sharing="0" />
<sound id="Falling_Skies.mp3" name="Falling_Skies" subtype="bgmusic" duration="214386" downloadtype="progressive" aid="24304" enable="Y" is_premium="N" money="0" sharing="0" />
<sound id="D_R_E_A_M_I_N_G.mp3" name="D_R_E_A_M_I_N_G" subtype="bgmusic" duration="301768" downloadtype="progressive" aid="24304" enable="Y" is_premium="N" money="0" sharing="0" />
<sound id="Coming_Home.mp3" name="Coming_Home" subtype="bgmusic" duration="281182" downloadtype="progressive" aid="24304" enable="Y" is_premium="N" money="0" sharing="0" />
<sound id="Chasing.mp3" name="Chasing" subtype="bgmusic" duration="231209" downloadtype="progressive" aid="24304" enable="Y" is_premium="N" money="0" sharing="0" />
<sound id="Broken.mp3" name="Broken" subtype="bgmusic" duration="253779" downloadtype="progressive" aid="24304" enable="Y" is_premium="N" money="0" sharing="0" />
<sound id="Beauty_in_Thirds.mp3" name="Beauty_in_Thirds" subtype="bgmusic" duration="233221" downloadtype="progressive" aid="24304" enable="Y" is_premium="N" money="0" sharing="0" />
<sound id="Bad_Tonight.mp3" name="Bad_Tonight" subtype="bgmusic" duration="305162" downloadtype="progressive" aid="24304" enable="Y" is_premium="N" money="0" sharing="0" />
<sound id="AZEDIA_Something.mp3" name="AZEDIA_Something" subtype="bgmusic" duration="269821" downloadtype="progressive" aid="24304" enable="Y" is_premium="N" money="0" sharing="0" />
<sound id="Asteroid.mp3" name="Asteroid" subtype="bgmusic" duration="246853" downloadtype="progressive" aid="24304" enable="Y" is_premium="N" money="0" sharing="0" />
<sound id="Ascension.mp3" name="Ascension" subtype="bgmusic" duration="221701" downloadtype="progressive" aid="24304" enable="Y" is_premium="N" money="0" sharing="0" />
<prop id="WATERMARK.png" name="WATERMARK" holdable="0" wearable="0" placeable="1" facing="left" thumb="" aid="9004" enable="Y" is_premium="N" money="0" sharing="0" />
<sound id="Elevate.mp3" name="Elevate" subtype="bgmusic" duration="172068" downloadtype="progressive" aid="24304" enable="Y" is_premium="N" money="0" sharing="0" />
<sound id="Power_Up.mp3" name="Power_Up" subtype="bgmusic" duration="195239" downloadtype="progressive" aid="24304" enable="Y" is_premium="N" money="0" sharing="0" />
<sound id="Breakdown.mp3" name="Breakdown" subtype="bgmusic" duration="250959" downloadtype="progressive" aid="24304" enable="Y" is_premium="N" money="0" sharing="0" />
<sound id="Any_Closer.mp3" name="Any_Closer" subtype="bgmusic" duration="234292" downloadtype="progressive" aid="24304" enable="Y" is_premium="N" money="0" sharing="0" />
<sound id="Oblivion.mp3" name="Oblivion" subtype="bgmusic" duration="271934" downloadtype="progressive" aid="24304" enable="Y" is_premium="N" money="0" sharing="0" />
<sound id="Sunlight.mp3" name="Sunlight" subtype="bgmusic" duration="216112" downloadtype="progressive" aid="24304" enable="Y" is_premium="N" money="0" sharing="0" />
<sound id="burn_it_down.mp3" name="burn_it_down" subtype="bgmusic" duration="167680" downloadtype="progressive" aid="24304" enable="Y" is_premium="N" money="0" sharing="0" />
<sound id="Non_Stop.mp3" name="Non_Stop" subtype="bgmusic" duration="161306" downloadtype="progressive" aid="24304" enable="Y" is_premium="N" money="0" sharing="0" />
<sound id="Everlasting.mp3" name="Everlasting" subtype="bgmusic" duration="237636" downloadtype="progressive" aid="24304" enable="Y" is_premium="N" money="0" sharing="0" />
<sound id="Mam.mp3" name="Mam" subtype="bgmusic" duration="250044" downloadtype="progressive" aid="24304" enable="Y" is_premium="N" money="0" sharing="0" />
<sound id="Blueshift.mp3" name="Blueshift" subtype="bgmusic" duration="281469" downloadtype="progressive" aid="24304" enable="Y" is_premium="N" money="0" sharing="0" />
<prop id="penkriyas.jpeg" name="penkriyas" holdable="0" wearable="0" placeable="1" facing="left" thumb="" aid="9004" enable="Y" is_premium="N" money="0" sharing="0" />
<prop id="Fox.png" name="Fox" holdable="0" wearable="0" placeable="1" facing="left" thumb="" aid="9004" enable="Y" is_premium="N" money="0" sharing="0" />
<sound id="Jellyfish_Party.mp3" name="Jellyfish_Party" subtype="bgmusic" duration="174106" downloadtype="progressive" aid="24304" enable="Y" is_premium="N" money="0" sharing="0" />
<prop id="jail.jpg" name="jail" holdable="0" wearable="0" placeable="1" facing="left" thumb="" aid="9004" enable="Y" is_premium="N" money="0" sharing="0" />
<sound id="Firefly.mp3" name="Firefly" subtype="bgmusic" duration="256158" downloadtype="progressive" aid="24304" enable="Y" is_premium="N" money="0" sharing="0" />
<sound id="Get_Up_Again.mp3" name="Get_Up_Again" subtype="bgmusic" duration="226951" downloadtype="progressive" aid="24304" enable="Y" is_premium="N" money="0" sharing="0" />
<sound id="Highlife.mp3" name="Highlife" subtype="bgmusic" duration="350537" downloadtype="progressive" aid="24304" enable="Y" is_premium="N" money="0" sharing="0" />
<sound id="Keep_On_Living.mp3" name="Keep_On_Living" subtype="bgmusic" duration="219455" downloadtype="progressive" aid="24304" enable="Y" is_premium="N" money="0" sharing="0" />
<sound id="Cali4nia.mp3" name="Cali4nia" subtype="bgmusic" duration="256862" downloadtype="progressive" aid="24304" enable="Y" is_premium="N" money="0" sharing="0" />
<sound id="Redshift.mp3" name="Redshift" subtype="bgmusic" duration="260075" downloadtype="progressive" aid="24304" enable="Y" is_premium="N" money="0" sharing="0" />
<sound id="Voyage.mp3" name="Voyage" subtype="bgmusic" duration="262087" downloadtype="progressive" aid="24304" enable="Y" is_premium="N" money="0" sharing="0" />
<sound id="Starwax_Florwax_Commercial.mp3" name="Starwax_Florwax_Commercial" subtype="bgmusic" duration="48170" downloadtype="progressive" aid="24304" enable="Y" is_premium="N" money="0" sharing="0" />
<sound id="Time_To_Talk.mp3" name="Time_To_Talk" subtype="bgmusic" duration="219090" downloadtype="progressive" aid="24304" enable="Y" is_premium="N" money="0" sharing="0" />
<sound id="Glow.mp3" name="Glow" subtype="bgmusic" duration="224236" downloadtype="progressive" aid="24304" enable="Y" is_premium="N" money="0" sharing="0" />
<sound id="Night_Shines_Disfigure.mp3" name="Night_Shines_Disfigure" subtype="bgmusic" duration="282150" downloadtype="progressive" aid="24304" enable="Y" is_premium="N" money="0" sharing="0" />
<sound id="Vegas.mp3" name="Vegas" subtype="bgmusic" duration="335936" downloadtype="progressive" aid="24304" enable="Y" is_premium="N" money="0" sharing="0" />
<sound id="Throne.mp3" name="Throne" subtype="bgmusic" duration="212009" downloadtype="progressive" aid="24304" enable="Y" is_premium="N" money="0" sharing="0" />
<prop id="515.jpg" name="515" holdable="0" wearable="0" placeable="1" facing="left" thumb="" aid="9004" enable="Y" is_premium="N" money="0" sharing="0" />
<prop id="lol.jpg" name="lol" holdable="0" wearable="0" placeable="1" facing="left" thumb="" aid="9004" enable="Y" is_premium="N" money="0" sharing="0" />
<sound id="Feel_Like_Horrible.mp3" name="Feel_Like_Horrible" subtype="bgmusic" duration="218409" downloadtype="progressive" aid="24304" enable="Y" is_premium="N" money="0" sharing="0" />
<sound id="Sleepwalking.mp3" name="Sleepwalking" subtype="bgmusic" duration="220056" downloadtype="progressive" aid="24304" enable="Y" is_premium="N" money="0" sharing="0" />
<sound id="Lonely_Way.mp3" name="Lonely_Way" subtype="bgmusic" duration="224705" downloadtype="progressive" aid="24304" enable="Y" is_premium="N" money="0" sharing="0" />
<sound id="Stay_With_Me_Mendum.mp3" name="Stay_With_Me_Mendum" subtype="bgmusic" duration="185861" downloadtype="progressive" aid="24304" enable="Y" is_premium="N" money="0" sharing="0" />
<sound id="One_Third.mp3" name="One_Third" subtype="bgmusic" duration="255059" downloadtype="progressive" aid="24304" enable="Y" is_premium="N" money="0" sharing="0" />
<sound id="Earth.mp3" name="Earth" subtype="bgmusic" duration="233248" downloadtype="progressive" aid="24304" enable="Y" is_premium="N" money="0" sharing="0" />
<sound id="JUICEMASTER64.mp3" name="JUICEMASTER64" subtype="bgmusic" duration="84219" downloadtype="progressive" aid="24304" enable="Y" is_premium="N" money="0" sharing="0" />
<sound id="Ascension.mp3" name="Ascension" subtype="bgmusic" duration="234293" downloadtype="progressive" aid="24304" enable="Y" is_premium="N" money="0" sharing="0" />
<sound id="Juicemaster64_Spinnin.mp3" name="Juicemaster64_Spinnin" subtype="bgmusic" duration="185155" downloadtype="progressive" aid="24304" enable="Y" is_premium="N" money="0" sharing="0" />
<sound id="Juicemaster64_Spinnin.mp3" name="Juicemaster64_Spinnin" subtype="bgmusic" duration="166504" downloadtype="progressive" aid="24304" enable="Y" is_premium="N" money="0" sharing="0" />
<sound id="feintremix13.mp3" name="feintremix13" subtype="bgmusic" duration="198661" downloadtype="progressive" aid="24304" enable="Y" is_premium="N" money="0" sharing="0" />
<sound id="Pastels.mp3" name="Pastels" subtype="bgmusic" duration="247771" downloadtype="progressive" aid="24304" enable="Y" is_premium="N" money="0" sharing="0" />
<sound id="Solace.mp3" name="Solace" subtype="bgmusic" duration="269008" downloadtype="progressive" aid="24304" enable="Y" is_premium="N" money="0" sharing="0" />
<sound id="Until_I_Die.mp3" name="Until_I_Die" subtype="bgmusic" duration="139755" downloadtype="progressive" aid="24304" enable="Y" is_premium="N" money="0" sharing="0" />
<sound id="lamar.mp3" name="lamar" subtype="soundeffect" duration="15516" downloadtype="progressive" aid="24304" enable="Y" is_premium="N" money="0" sharing="0" />
<sound id="Outlaw.mp3" name="Outlaw" subtype="bgmusic" duration="260336" downloadtype="progressive" aid="24304" enable="Y" is_premium="N" money="0" sharing="0" />
<sound id="Reality.mp3" name="Reality" subtype="bgmusic" duration="189805" downloadtype="progressive" aid="24304" enable="Y" is_premium="N" money="0" sharing="0" />
<sound id="Promise_Me.mp3" name="Promise_Me" subtype="bgmusic" duration="262086" downloadtype="progressive" aid="24304" enable="Y" is_premium="N" money="0" sharing="0" />
<sound id="Beyond_The_Skies.mp3" name="Beyond_The_Skies" subtype="bgmusic" duration="169143" downloadtype="progressive" aid="24304" enable="Y" is_premium="N" money="0" sharing="0" />
<sound id="lamar.mp3" name="lamar" subtype="bgmusic" duration="15542" downloadtype="progressive" aid="24304" enable="Y" is_premium="N" money="0" sharing="0" />
<sound id="lamar.mp3" name="lamar" subtype="soundeffect" duration="15542" downloadtype="progressive" aid="24304" enable="Y" is_premium="N" money="0" sharing="0" />
<sound id="Shootin_Stars.mp3" name="Shootin_Stars" subtype="bgmusic" duration="265795" downloadtype="progressive" aid="24304" enable="Y" is_premium="N" money="0" sharing="0" />
<prop id="Flex_Seal_Prop.png" name="Flex_Seal_Prop" holdable="0" wearable="0" placeable="1" facing="left" thumb="" aid="9004" enable="Y" is_premium="N" money="0" sharing="0" />
<sound id="127.mp3" name="127" subtype="bgmusic" duration="237088" downloadtype="progressive" aid="24304" enable="Y" is_premium="N" money="0" sharing="0" />
<sound id="Woke_Up_In_India.mp3" name="Woke_Up_In_India" subtype="bgmusic" duration="159582" downloadtype="progressive" aid="24304" enable="Y" is_premium="N" money="0" sharing="0" />
<sound id="DISTODD.mp3" name="DISTODD" subtype="bgmusic" duration="168829" downloadtype="progressive" aid="24304" enable="Y" is_premium="N" money="0" sharing="0" />
<sound id="Way_Together.mp3" name="Way_Together" subtype="bgmusic" duration="213368" downloadtype="progressive" aid="24304" enable="Y" is_premium="N" money="0" sharing="0" />
<prop id="default.swf" name="default" holdable="0" wearable="0" placeable="1" facing="left" thumb="" aid="9004" enable="Y" is_premium="N" money="0" sharing="0" />
<sound id="Electron.mp3" name="Electron" subtype="bgmusic" duration="300538" downloadtype="progressive" aid="24304" enable="Y" is_premium="N" money="0" sharing="0" />
<sound id="Desert.mp3" name="Desert" subtype="bgmusic" duration="208017" downloadtype="progressive" aid="24304" enable="Y" is_premium="N" money="0" sharing="0" />
<sound id="Cartoon_Immortality_Futuristik.mp3" name="Cartoon_Immortality_Futuristik" subtype="bgmusic" duration="235206" downloadtype="progressive" aid="24304" enable="Y" is_premium="N" money="0" sharing="0" />
<sound id="Feel_So_Good.mp3" name="Feel_So_Good" subtype="bgmusic" duration="169952" downloadtype="progressive" aid="24304" enable="Y" is_premium="N" money="0" sharing="0" />
<sound id="Love_Me_Better.mp3" name="Love_Me_Better" subtype="bgmusic" duration="173088" downloadtype="progressive" aid="24304" enable="Y" is_premium="N" money="0" sharing="0" />
<prop id="lets_gooooo.png" name="lets_gooooo" holdable="0" wearable="0" placeable="1" facing="left" thumb="" aid="9004" enable="Y" is_premium="N" money="0" sharing="0" />
<sound id="Koven_Never_Have_I_Felt_This.mp3" name="Koven_Never_Have_I_Felt_This" subtype="bgmusic" duration="246099" downloadtype="progressive" aid="24304" enable="Y" is_premium="N" money="0" sharing="0" />
<sound id="Elektronomia_JJD_Free_Hi_Pitch.mp3" name="Elektronomia_JJD_Free_Hi_Pitch" subtype="bgmusic" duration="238184" downloadtype="progressive" aid="24304" enable="Y" is_premium="N" money="0" sharing="0" />
<sound id="Mars_y_Mars.mp3" name="Mars_y_Mars" subtype="bgmusic" duration="208613" downloadtype="progressive" aid="24304" enable="Y" is_premium="N" money="0" sharing="0" />
<sound id="nam.mp3" name="nam" subtype="bgmusic" duration="224391" downloadtype="progressive" aid="24304" enable="Y" is_premium="N" money="0" sharing="0" />
<sound id="badniss.mp3" name="badniss" subtype="bgmusic" duration="175282" downloadtype="progressive" aid="24304" enable="Y" is_premium="N" money="0" sharing="0" />
<sound id="This_LIFE.mp3" name="This_LIFE" subtype="bgmusic" duration="208275" downloadtype="progressive" aid="24304" enable="Y" is_premium="N" money="0" sharing="0" />
<sound id="Fall_To_My_Grave.mp3" name="Fall_To_My_Grave" subtype="bgmusic" duration="215746" downloadtype="progressive" aid="24304" enable="Y" is_premium="N" money="0" sharing="0" />
<sound id="Tobu_Higher.mp3" name="Tobu_Higher" subtype="bgmusic" duration="213420" downloadtype="progressive" aid="24304" enable="Y" is_premium="N" money="0" sharing="0" />
<sound id="Already_Over.mp3" name="Already_Over" subtype="bgmusic" duration="" downloadtype="progressive" aid="24304" enable="Y" is_premium="N" money="0" sharing="0" />
<sound id="Already_Over.mp3" name="Already_Over" subtype="bgmusic" duration="265640" downloadtype="progressive" aid="24304" enable="Y" is_premium="N" money="0" sharing="0" />
<sound id="The_Light_Behind_Your_Eyes.mp3" name="The_Light_Behind_Your_Eyes" subtype="bgmusic" duration="312844" downloadtype="progressive" aid="24304" enable="Y" is_premium="N" money="0" sharing="0" />
<sound id="Moonlight.mp3" name="Moonlight" subtype="bgmusic" duration="240640" downloadtype="progressive" aid="24304" enable="Y" is_premium="N" money="0" sharing="0" />
<sound id="Overcome.mp3" name="Overcome" subtype="bgmusic" duration="" downloadtype="progressive" aid="24304" enable="Y" is_premium="N" money="0" sharing="0" />
<sound id="Overcome.mp3" name="Overcome" subtype="bgmusic" duration="185208" downloadtype="progressive" aid="24304" enable="Y" is_premium="N" money="0" sharing="0" />
<sound id="Pull_Me_Down.mp3" name="Pull_Me_Down" subtype="bgmusic" duration="175098" downloadtype="progressive" aid="24304" enable="Y" is_premium="N" money="0" sharing="0" />
<sound id="Egzod_Maestro_Chives_Royalty_ft_Neoni.mp3" name="Egzod_Maestro_Chives_Royalty_ft_Neoni" subtype="bgmusic" duration="223635" downloadtype="progressive" aid="24304" enable="Y" is_premium="N" money="0" sharing="0" />
<sound id="BroadcastNews.swf" name="BroadcastNews" subtype="bgmusic" duration="1000" downloadtype="progressive" aid="24304" enable="Y" is_premium="N" money="0" sharing="0" />
<prop id="BroadcastNews.swf" name="BroadcastNews" holdable="0" wearable="0" placeable="1" facing="left" thumb="" aid="9004" enable="Y" is_premium="N" money="0" sharing="0" />
<sound id="Find_You.mp3" name="Find_You" subtype="bgmusic" duration="174106" downloadtype="progressive" aid="24304" enable="Y" is_premium="N" money="0" sharing="0" />
<sound id="Vision2.mp3" name="Vision2" subtype="bgmusic" duration="234109" downloadtype="progressive" aid="24304" enable="Y" is_premium="N" money="0" sharing="0" />
<prop id="cupcake.swf" name="cupcake" holdable="1" wearable="0" placeable="1" facing="left" thumb="" aid="9004" enable="Y" is_premium="N" money="0" sharing="0" />
<prop id="zap_apple.swf" name="zap_apple" holdable="1" wearable="0" placeable="1" facing="left" thumb="" aid="9004" enable="Y" is_premium="N" money="0" sharing="0" />
<prop id="parasprite.swf" name="parasprite" holdable="0" wearable="0" placeable="1" facing="left" thumb="" aid="9004" enable="Y" is_premium="N" money="0" sharing="0" />
<prop id="twinkling_balloon.swf" name="twinkling_balloon" holdable="0" wearable="0" placeable="1" facing="left" thumb="" aid="9004" enable="Y" is_premium="N" money="0" sharing="0" />
<sound id="Stay_Or_Be_Alone.mp3" name="Stay_Or_Be_Alone" subtype="bgmusic" duration="185103" downloadtype="progressive" aid="24304" enable="Y" is_premium="N" money="0" sharing="0" />
<prop id="cider_cup_empty.swf" name="cider_cup_empty" holdable="1" wearable="0" placeable="1" facing="left" thumb="" aid="9004" enable="Y" is_premium="N" money="0" sharing="0" />
<prop id="cider_cup_full.swf" name="cider_cup_full" holdable="1" wearable="0" placeable="1" facing="left" thumb="" aid="9004" enable="Y" is_premium="N" money="0" sharing="0" />
<sound id="Hit_Save.mp3" name="Hit_Save" subtype="bgmusic" duration="963709" downloadtype="progressive" aid="24304" enable="Y" is_premium="N" money="0" sharing="0" />
<sound id="Let_it_Die.mp3" name="Let_it_Die" subtype="bgmusic" duration="217103" downloadtype="progressive" aid="24304" enable="Y" is_premium="N" money="0" sharing="0" />
<sound id="005640520199032184-tts.mp3" name="005640520199032184-tts" subtype="bgmusic" duration="9482" downloadtype="progressive" aid="24304" enable="Y" is_premium="N" money="0" sharing="0" />
<sound id="ugc.005640520199032184-tts.mp3" name="ugc.005640520199032184-tts" subtype="bgmusic" duration="9482" downloadtype="progressive" aid="24304" enable="Y" is_premium="N" money="0" sharing="0" />
<sound id="ugc.005640520199032184-tts.mp3" name="ugc.005640520199032184-tts" subtype="soundeffect" duration="9482" downloadtype="progressive" aid="24304" enable="Y" is_premium="N" money="0" sharing="0" />
<sound id="Elektronomia_RUD_Memory.mp3" name="Elektronomia_RUD_Memory" subtype="bgmusic" duration="255059" downloadtype="progressive" aid="24304" enable="Y" is_premium="N" money="0" sharing="0" />
<sound id="Cant_Control_Myself.mp3" name="Cant_Control_Myself" subtype="bgmusic" duration="253937" downloadtype="progressive" aid="24304" enable="Y" is_premium="N" money="0" sharing="0" />
<sound id="Time_Travel.mp3" name="Time_Travel" subtype="bgmusic" duration="219090" downloadtype="progressive" aid="24304" enable="Y" is_premium="N" money="0" sharing="0" />
<sound id="More_Plastic_hayve_Feel_Alive.mp3" name="More_Plastic_hayve_Feel_Alive" subtype="bgmusic" duration="182100" downloadtype="progressive" aid="24304" enable="Y" is_premium="N" money="0" sharing="0" />
<prop id="Basically-Gojuchang-Chicken-Potato.jpg" name="Basically-Gojuchang-Chicken-Potato" holdable="0" wearable="0" placeable="1" facing="left" thumb="" aid="9004" enable="Y" is_premium="N" money="0" sharing="0" />
<sound id="Elektronomia_Dreams.mp3" name="Elektronomia_Dreams" subtype="bgmusic" duration="254433" downloadtype="progressive" aid="24304" enable="Y" is_premium="N" money="0" sharing="0" />
<sound id="Elektronomia_Dreamshipitch.mp3" name="Elektronomia_Dreamshipitch" subtype="bgmusic" duration="254448" downloadtype="progressive" aid="24304" enable="Y" is_premium="N" money="0" sharing="0" />
<sound id="Met_You.mp3" name="Met_You" subtype="bgmusic" duration="190902" downloadtype="progressive" aid="24304" enable="Y" is_premium="N" money="0" sharing="0" />
<prop id="Japan_Airlines_JA8119.jpg" name="Japan_Airlines_JA8119" holdable="0" wearable="0" placeable="1" facing="left" thumb="" aid="9004" enable="Y" is_premium="N" money="0" sharing="0" />
<sound id="Fly_Again.mp3" name="Fly_Again" subtype="bgmusic" duration="190145" downloadtype="progressive" aid="24304" enable="Y" is_premium="N" money="0" sharing="0" />
<prop id="580b57fcd9996e24bc43c22f.png" name="580b57fcd9996e24bc43c22f" holdable="0" wearable="0" placeable="1" facing="left" thumb="" aid="9004" enable="Y" is_premium="N" money="0" sharing="0" />
<background id="148384-blue_and_black_galaxy_illustration-550x310.jpg" name="148384-blue_and_black_galaxy_illustration-550x310" default="N" aid="9603" enable="Y" is_premium="N" money="0" sharing="0" />
<sound id="Ruined_my_life.mp3" name="Ruined_my_life" subtype="bgmusic" duration="198347" downloadtype="progressive" aid="24304" enable="Y" is_premium="N" money="0" sharing="0" />
	<sound id="Left_Me_Behind.mp3" name="Left_Me_Behind" subtype="bgmusic" duration="193098" downloadtype="progressive" aid="24304" enable="Y" is_premium="N" money="0" sharing="0" />

</theme>
